Yahoo,AABA
Amazon,AMZN
PayPal,PYPL
Disney,DIS
Facebook,FB
Starbucks,SBUX
eBay,EBAY
Reuters,TRI
CBS,CBS
Netflix,NFLX
Apple,AAPL
Deutsche Bank,DB
Pepsi,PEP
Google,GOOG
HSBC,HSBC
Ford,F
Morgan Stanley,MS
McDonald's,MCD
Tesco,TSCO.L
easyJet,ezj.l
General Electric,GE
Adobe,ADBE
Microsoft,MSFT
Burberry,brby.l
Ryanair,RYAAY
FedEx,FDX
HP,HPQ
BP,BP
Bayer,BAYN.DE
IBM,IBM
Oracle,ORCL
Nike,NKE
Cisco,CSCO
Visa,V
Goldman Sachs,GS
Volkswagen,VOW3.DE
American Express,AXP
Exxon,XOM
Wells Fargo,WFC
Audi,AUDVF
BMW,BMW.DE
John Deere,DE
L'Oreal,or.pa
Kroger,KR
AT&T,T
Hyundai,HYMTF
salesforce.com,CRM
Toyota,TM
Citigroup,C
SAP,SAP
H&M,hm-b.st
Shell,RDS-A
Walmart,WMT
Sony,SONY
Chevron,CVX
Honda,HMC
ASOS,asc.l
Home Depot,HD
Nissan,NSANY
Next,nxt.l
Pfizer,PFE
Verizon,VZ
Boeing,BA
Gillette,GILLETTE.BO
Intel,INTC
TMobile,TMUS
Comcast,CMCSA
Expedia,EXPE
Nestle,NSRGY
Bank of America,BAC
adidas,ADDYY
TripAdvisor,TRIP
CocaCola,KO
Thales,ho.pa
UPS,UPS
21CF,FOXA
BlackRock,BLK
Mastercard,MA
Kellogg's,k
Samsung,005930.KS
JPMorgan,JPM
Heineken,HEIA.AS
GSK,GSK
Allianz,ALV.DE
Vodafone,VOD
Siemens,SIE.DE
Carrefour,ca.pa
Groupon,GRPN
AstraZeneca,AZN
Viacom,VIAC
Santander,San
Costco,COST
bookingcom,BKNG
CVS Health,CVS
P&G,PG
BASF,BAS.DE
Colgate,CL
Danone,BN.PA
Cardinal Health,CAH
Equinor,EQNR
