"['been', 'having', 'a', 'lot', 'of', 'fun', 'partaking', 'in', 'european', 'trading', 'as', 'is', 'tradition', 'we', 'buy', 'and', 'sell', '', 'msft', 'share', 'for', 'a', 'small', 'loss', 'then', 'our', 'mom', 'cooks', 'us', 'shitnzel', 'and', 'we', 'yell', 'at', 'people', 'on', 'warzone', 'will', 'be', 'sad', 'to', 'go', 'back', 'to', 'american', 'trading', 'tomorrow']",msft,41,1.0075661133785379,0.9592707729256654
"['i', 'can t', 'believe', 'melvin', 'got', 'robinhood', 'to', 'close', 'the', 'market', 'today', 'so', 'i', 'can t', 'buy', 'more', 'gme']",gme,67,0.8745804237366486,0.8735282972519909
"['i', 'think', 'cramer', 'is', 'more', 'obsessed', 'with', 'gamestop', 'than', 'we', 'are']",gme,18,0.8745804237366486,0.8735282972519909
"['fair', 'warning', 'to', 'newcomers', 'u variation separate', 'has', 'started', 'posting', 'again', 'this', 'is', 'a', 'guy', 'who', 'started', 'trading', 'in', 'january', '', 'and', 'somehow', 'convinced', 'half', 'the', 'sub', 'to', 'go', 'balls', 'deep', 'in', 'spy', 'puts', 'by', 'march', '', 'lot s', 'of', 'people', 'lost', 'money', 'following', 'him', 'he s', 'a', 'dangerous', 'retard', 'because', 'he', 'convinces', 'other', 'retards', 'that', 'he s', 'not', 'a', 'retard', 'but', 'don t', 'be', 'fooled', 'he s', 'very', 'much', 'a', 'retard']",spy,35,1.0069043697279862,0.9824093423830376
"['palantir', '']",pltr,16,0.7544715176519164,0.9327115114270005
"['i', 'swear', 'to', 'god', 'if', 'i', 'see', 'anymore', 'unoriginal', 'lotr', 'gme', 'posts', 'it s', 'as', 'fucking', 'bad', 'as', 'people', 'using', 'the', 'big', 'short', 'to', 'meme', 'the', 'gme', 'squeeze', 'you', 'bought', 'shares', 'for', 'a', 'retail', 'game', 'shop', 'he', 'bought', 'puts', 'against', 'the', 'entire', 'market']",gme,15,0.8745804237366486,0.8735282972519909
"['i', 'swear', 'to', 'god', 'if', 'i', 'see', 'anymore', 'unoriginal', 'lotr', 'gme', 'posts', 'it s', 'as', 'fucking', 'bad', 'as', 'people', 'using', 'the', 'big', 'short', 'to', 'meme', 'the', 'gme', 'squeeze', 'you', 'bought', 'shares', 'for', 'a', 'retail', 'game', 'shop', 'he', 'bought', 'puts', 'against', 'the', 'entire', 'market']",shop,15,1.0794343356615725,0.9406004788948611
"['so', 'this', 'is', 'the', 'week', 'when', 'tilray', 'smashes', 'earnings', 'and', 'cramer', 'shuts', 'up', 'for', 'good']",tlry,12,0.9843661389343528,0.8483382094126025
"['what', 'is', 'berkshire', 'hathaway s', 'mystery', 'stock', 'big', 'investment', 'by', 'warren', 'buffett', 'could', 'be', 'disclosed', 'tomorrow', 'what', 'is', 'the', 'berkshire', 'hathaway', '', 'mystery', 'stock', 'warren', 'buffett s', 'conglomerate', 'could', 'reveal', 'that', 'equity', 'holding', 'when', 'it', 'discloses', 'its', 'stock', 'investments', 'as', 'of', 'dec', '', '', 'on', 'a', 'securities', 'filing', 'expected', 'late', 'tuesday', 'speculation', 'is', 'that', 'it', 'could', 'be', 'walt', 'disney', '', 'ticker', 'dis', 'paypal', 'holdings', '', 'pypl', 'google', 'parent', 'alphabet', '', 'googl', 'home', 'depot', '', 'hd', 'exxon', 'mobil', '', 'xom', 'or', 'chevron', '', 'cvx', 'its', 'psth', 'you', 'weebs']",dis,10,0.9903279370614883,1.0238120201943919
"['what', 'is', 'berkshire', 'hathaway s', 'mystery', 'stock', 'big', 'investment', 'by', 'warren', 'buffett', 'could', 'be', 'disclosed', 'tomorrow', 'what', 'is', 'the', 'berkshire', 'hathaway', '', 'mystery', 'stock', 'warren', 'buffett s', 'conglomerate', 'could', 'reveal', 'that', 'equity', 'holding', 'when', 'it', 'discloses', 'its', 'stock', 'investments', 'as', 'of', 'dec', '', '', 'on', 'a', 'securities', 'filing', 'expected', 'late', 'tuesday', 'speculation', 'is', 'that', 'it', 'could', 'be', 'walt', 'disney', '', 'ticker', 'dis', 'paypal', 'holdings', '', 'pypl', 'google', 'parent', 'alphabet', '', 'googl', 'home', 'depot', '', 'hd', 'exxon', 'mobil', '', 'xom', 'or', 'chevron', '', 'cvx', 'its', 'psth', 'you', 'weebs']",pypl,10,1.0870604295492177,0.8937663562618555
"['what', 'is', 'berkshire', 'hathaway s', 'mystery', 'stock', 'big', 'investment', 'by', 'warren', 'buffett', 'could', 'be', 'disclosed', 'tomorrow', 'what', 'is', 'the', 'berkshire', 'hathaway', '', 'mystery', 'stock', 'warren', 'buffett s', 'conglomerate', 'could', 'reveal', 'that', 'equity', 'holding', 'when', 'it', 'discloses', 'its', 'stock', 'investments', 'as', 'of', 'dec', '', '', 'on', 'a', 'securities', 'filing', 'expected', 'late', 'tuesday', 'speculation', 'is', 'that', 'it', 'could', 'be', 'walt', 'disney', '', 'ticker', 'dis', 'paypal', 'holdings', '', 'pypl', 'google', 'parent', 'alphabet', '', 'googl', 'home', 'depot', '', 'hd', 'exxon', 'mobil', '', 'xom', 'or', 'chevron', '', 'cvx', 'its', 'psth', 'you', 'weebs']",goog,10,1.0208607303522559,0.9812388457326614
"['what', 'is', 'berkshire', 'hathaway s', 'mystery', 'stock', 'big', 'investment', 'by', 'warren', 'buffett', 'could', 'be', 'disclosed', 'tomorrow', 'what', 'is', 'the', 'berkshire', 'hathaway', '', 'mystery', 'stock', 'warren', 'buffett s', 'conglomerate', 'could', 'reveal', 'that', 'equity', 'holding', 'when', 'it', 'discloses', 'its', 'stock', 'investments', 'as', 'of', 'dec', '', '', 'on', 'a', 'securities', 'filing', 'expected', 'late', 'tuesday', 'speculation', 'is', 'that', 'it', 'could', 'be', 'walt', 'disney', '', 'ticker', 'dis', 'paypal', 'holdings', '', 'pypl', 'google', 'parent', 'alphabet', '', 'googl', 'home', 'depot', '', 'hd', 'exxon', 'mobil', '', 'xom', 'or', 'chevron', '', 'cvx', 'its', 'psth', 'you', 'weebs']",googl,10,1.0173028250910379,0.9820772127479981
"['salvador', 'vergara', 'a', 'year old', 'security', 'guard', 'in', 'virginia', 'started', 'investing', 'four', 'years', 'ago', 'after', 'deciding', 'he', 'wanted', 'to', 'retire', 'young', 'to', 'save', 'money', 'he', 'drives', 'a', '', 'honda', 'civic', 'eats', 'a', 'lot', 'of', 'rice', 'and', 'lives', 'with', 'his', 'dad', 'he', 'stashed', 'his', 'savings', 'mostly', 'in', 'diversified', 'index', 'funds', '', 'then', 'mr', 'vergara', 'a', 'longtime', 'reader', 'of', 'the', 'wallstreetbets', 'page https www wsj com articles wallstreetbets founder reckons with legacy amid memes loss porn and online threats mod article inline', 'on', 'reddit', 'saw', 'others', 'posting', 'about', 'buying', 'gamestop', 'shares', 'and', 'the', 'stock s', 'colossal', 'rise', 'he', 'was', 'so', 'enthusiastic', 'about', 'gamestop', 'corp', 'in', 'late', 'january', 'that', 'he', 'took', 'out', 'a', '', 'personal', 'loan', 'with', 'an', '', 'interest', 'rate', 'from', 'a', 'credit', 'union', 'and', 'used', 'it', 'to', 'purchase', 'shares', 'then', 'the', 'buzzy', 'stock', 'plunged', 'nearly', '', '', 'i', 'thought', 'it', 'could', 'go', 'up', 'to', '', 'i', 'really', 'believed', 'in', 'that', 'hype', 'which', 'was', 'an', 'awful', 'thing', 'to', 'do', 'mr', 'vergara', 'said', '', 'he', 'plans', 'to', 'hold', 'on', 'to', 'the', 'shares', 'because', 'he', 'believes', 'in', 'the', 'company s', 'turnaround', 'he', 'said', 'and', 'use', 'his', 'paycheck', 'to', 'cover', 'the', 'monthly', 'payments', 'on', 'the', 'personal', 'loan', 'guh']",save,50,1.0012812593339884,1.1786058341096808
"['salvador', 'vergara', 'a', 'year old', 'security', 'guard', 'in', 'virginia', 'started', 'investing', 'four', 'years', 'ago', 'after', 'deciding', 'he', 'wanted', 'to', 'retire', 'young', 'to', 'save', 'money', 'he', 'drives', 'a', '', 'honda', 'civic', 'eats', 'a', 'lot', 'of', 'rice', 'and', 'lives', 'with', 'his', 'dad', 'he', 'stashed', 'his', 'savings', 'mostly', 'in', 'diversified', 'index', 'funds', '', 'then', 'mr', 'vergara', 'a', 'longtime', 'reader', 'of', 'the', 'wallstreetbets', 'page https www wsj com articles wallstreetbets founder reckons with legacy amid memes loss porn and online threats mod article inline', 'on', 'reddit', 'saw', 'others', 'posting', 'about', 'buying', 'gamestop', 'shares', 'and', 'the', 'stock s', 'colossal', 'rise', 'he', 'was', 'so', 'enthusiastic', 'about', 'gamestop', 'corp', 'in', 'late', 'january', 'that', 'he', 'took', 'out', 'a', '', 'personal', 'loan', 'with', 'an', '', 'interest', 'rate', 'from', 'a', 'credit', 'union', 'and', 'used', 'it', 'to', 'purchase', 'shares', 'then', 'the', 'buzzy', 'stock', 'plunged', 'nearly', '', '', 'i', 'thought', 'it', 'could', 'go', 'up', 'to', '', 'i', 'really', 'believed', 'in', 'that', 'hype', 'which', 'was', 'an', 'awful', 'thing', 'to', 'do', 'mr', 'vergara', 'said', '', 'he', 'plans', 'to', 'hold', 'on', 'to', 'the', 'shares', 'because', 'he', 'believes', 'in', 'the', 'company s', 'turnaround', 'he', 'said', 'and', 'use', 'his', 'paycheck', 'to', 'cover', 'the', 'monthly', 'payments', 'on', 'the', 'personal', 'loan', 'guh']",gme,50,0.8745804237366486,0.8735282972519909
"['if', 'gme', 'ever', 'gets', 'to', 'above', '', 'again', 'i', 'will', 'get', 'a', 'space', 'gorilla', 'tattoo', 'edit', 'i', 'guess', 'im', 'getting', 'that', 'tattoo', 'hahahaha']",gme,54,0.8745804237366486,0.8735282972519909
"['tesla', '', 'us', 'in', 'germany', '']",tsla,10,0.9311207494265284,0.8734718826405868
"['me', 'waking', 'up', 'early', 'thinking', 'google', 'premarket', 'was', 'glitched', '']",goog,9,1.0208607303522559,0.9812388457326614
"['i', 'have', 'bee', 'n', 'tracking', 'mvis', 'since', 'it', 'was', '', 'dollars', 'haven t', 'put', 'in', 'anything hurts', 'like', 'a', 'bitch']",mvis,9,1.687055377342666,0.905764361091772
"['picked', 'up', 'a', 'starbucks', 'today', 'might', 'buy', 'some', 'shares', 'in', 'becky']",sbux,8,1.0014151013526489,0.9748611658545059
"['amd', 'some', 'shit', 'news', 'about', 'how', 'some', 'of', 'their', 'ryzen', '', 'processors', 'are', 'duds', 'courtesy', 'of', 'powergpu', 'https www techradar com news amd ryzen processor failures are they really that bad https www techradar com news amd ryzen processor failures are they really that bad', 'x b', 'saw', 'some', 'dd', 'on', 'here', 'and', 'decided', 'to', 'do', 'some', 'looking', 'on', 'my', 'own', 'realized', 'i', 'think', 'amd', 'has', 'what', 'it', 'takes', 'to', 'spike', 'in', 'the', 'near', 'future', 'x b', 'up', '', 'so', 'far', 'on', 'amd', '', 'call', 'x', '', 'amd', '', 'call', 'x', '', 'x b', 'am', 'i', 'retarded', 'are', 'these', 'chips', 'trash', 'should', 'i', 'just', 'take', 'the', '', 'profit', 'and', 'dip', 'tomorrow']",amd,8,1.0007659448002157,0.9091586939224277
"['it', 'was', 'way', 'simpler', 'when', 'you', 'just', 'needed', 'to', 'invest', 'in', 'the', 'ticker', 'that', 'you', 'saw', 'mentioned', 'the', 'most', 'with', 'a', 'bunch', 'of', 'rockets', '', 'in', 'order', 'to', 'make', 'money', 'then', '', 'million', 'people', 'came', 'and', 'many', 'of', 'them', 'use', 'this', 'sub', 'like', 'it', 'was', 'facebook', 'in', '', 'this', 'comment', 'included']",fb,20,1.0282615174534568,0.9613367736607594
"['i', 'thought', 'george', 'washington', 'was', 'cancelled', 'why', 'the', 'hell', 'is', 'this', 'old', 'mf', 'who', 'didn t', 'own', 'a', 'single', 'share', 'of', 'apple', 'closing', 'down', 'the', 'stock', 'market']",aapl,20,0.9748939871498745,0.9299578924205288
"['i', 'don t', 'know', 'who s', 'more', 'delusional', 'the', 'people', 'still', 'holding', 'gme', 'for', 'the', 'squeeze', 'or', 'the', 'people', 'who', 'think', 'buying', 'into', 'a', 'dating', 'app', 'with', 'a', 'ipo', 'of', '', 'bn', '', 'is', 'a', 'smart', 'investment']",gme,33,0.8745804237366486,0.8735282972519909
"['can', 'someone', 'explain', 'to', 'me', 'how', 'did', 'biontech', 'stock', 'barely', 'went', 'up', 'by', 'some', 'small', 'percentage', 'after', 'they', 'announced', 'they', 'got', 'the', 'vaccine', 'that', 'will', 'be', 'widely', 'distributed', 'by', 'pfizer', 'in', 'millions', 'of', 'doses', 'and', 'potentially', 'stop', 'the', 'pandemic']",pfe,5,0.9968390411009429,0.9830703109613459
"['gme', 'bout', 'to', 'go', 'to', 'the', 'moon', '']",gme,52,0.8745804237366486,0.8735282972519909
"['so', 'how', 'risk wise', 'it', 'is', 'to', 'have', '', 'of', 'my', 'portfolio', 'in', 'otm', 'sometimes', 'deep', 'calls', 'in', 'palantir', 'tesla', 'weed', 'gme', 'and', 'spce', 'oh', 'they', 'expire', 'this', 'friday']",pltr,11,0.7544715176519164,0.9327115114270005
"['so', 'how', 'risk wise', 'it', 'is', 'to', 'have', '', 'of', 'my', 'portfolio', 'in', 'otm', 'sometimes', 'deep', 'calls', 'in', 'palantir', 'tesla', 'weed', 'gme', 'and', 'spce', 'oh', 'they', 'expire', 'this', 'friday']",tsla,11,0.9311207494265284,0.8734718826405868
"['so', 'how', 'risk wise', 'it', 'is', 'to', 'have', '', 'of', 'my', 'portfolio', 'in', 'otm', 'sometimes', 'deep', 'calls', 'in', 'palantir', 'tesla', 'weed', 'gme', 'and', 'spce', 'oh', 'they', 'expire', 'this', 'friday']",gme,11,0.8745804237366486,0.8735282972519909
"['so', 'how', 'risk wise', 'it', 'is', 'to', 'have', '', 'of', 'my', 'portfolio', 'in', 'otm', 'sometimes', 'deep', 'calls', 'in', 'palantir', 'tesla', 'weed', 'gme', 'and', 'spce', 'oh', 'they', 'expire', 'this', 'friday']",spce,11,0.8983232139973665,0.8874035120784619
"['just', 'had', 'a', 'dream', 'we', 'open', 'at', '', 'on', 'spy', 'tomorrow', 'back', 'to', 'sleep']",spy,5,1.0069043697279862,0.9824093423830376
"['yay', 'i', 'got', '', 'spy', 'c', 'expiring', 'tmr', 'and', '', 'spy', 'c', 'expiring', 'friday', 'should', 'get', 'me', 'to', 'break', 'even', 'after', 'disastrous', 'gme', 'nok', 'and', 'sndl', 'plays']",spy,5,1.0069043697279862,0.9824093423830376
"['yay', 'i', 'got', '', 'spy', 'c', 'expiring', 'tmr', 'and', '', 'spy', 'c', 'expiring', 'friday', 'should', 'get', 'me', 'to', 'break', 'even', 'after', 'disastrous', 'gme', 'nok', 'and', 'sndl', 'plays']",gme,5,0.8745804237366486,0.8735282972519909
"['yay', 'i', 'got', '', 'spy', 'c', 'expiring', 'tmr', 'and', '', 'spy', 'c', 'expiring', 'friday', 'should', 'get', 'me', 'to', 'break', 'even', 'after', 'disastrous', 'gme', 'nok', 'and', 'sndl', 'plays']",nok,5,0.9694835428506443,0.9496402795432061
"['yay', 'i', 'got', '', 'spy', 'c', 'expiring', 'tmr', 'and', '', 'spy', 'c', 'expiring', 'friday', 'should', 'get', 'me', 'to', 'break', 'even', 'after', 'disastrous', 'gme', 'nok', 'and', 'sndl', 'plays']",sndl,5,1.575539625725708,0.6383928310088054
"['ah', 'f', 'me', 'just', 'remembered', 'that', 'we', 'are', 'closed', 'lol']",f,4,1.0,1.0173912877621858
"['spy', '', 'lets', 'repeat', 'spy', '']",spy,4,1.0069043697279862,0.9824093423830376
"['boi', 'throw', 'me', 'a', 'cat', '', 'hurricane', 'flood', 'or', 'a', 'goddamn', '', 'degree', 'day', 'and', 'i ll', 'take', 'it', 'like', 'a', 'champ', 'but', 'we', 'ain t', 'built', 'for', 'this', 'cold', 'shit', 'also', '']",cat,6,1.0245014299830282,1.0916645834957572
"['spy', '', 'by', '']",spy,6,1.0069043697279862,0.9824093423830376
"['tilray', 'announcing', 'earnings', '', 'days', 'early', 'very', 'bullish', 'weed', 'bull', 'run', 'will', 'continue', '']",tlry,17,0.9843661389343528,0.8483382094126025
"['stocks', 'go', 'up', '', 'looking', 'like', 'another', '', 'up', 'day', '', 'spy', 'will', 'be', '', 'by', 'tomorrow', 'open', 'predicting', '', 'by', 'end', 'of', 'week', 'as', 'well']",spy,9,1.0069043697279862,0.9824093423830376
"['i m', 'up', '', 'on', 'my', 'arb', 'position', 'which', 'is', 'interesting', 'now', 'if', 'only', 'my', 'gme', 'could', 'look', 'the', 'same']",gme,8,0.8745804237366486,0.8735282972519909
"['man', 'these', 'articles', 'about', 'some', 'of', 'the', 'people', 'that', 'played', 'gme', 'i', 'don t', 'know', 'what', 'to', 'say', 'but', 'don t', 'take', 'out', 'a', 'loan', 'of', 'k', 'at', '', 'interest', 'and', 'yolo', 'it', 'on', 'a', 'meme', 'ticker', 'up', 'fold', 'seems', 'obvious', 'if', 'you', 'miss', 'the', 'play', 'then', 'you', 'miss', 'the', 'play', 'work', 'on', 'finding', 'the', 'next', 'big', 'play', 'there', 'is', 'always', 'another', 'play']",gme,22,0.8745804237366486,0.8735282972519909
"['planning', 'out', 'ways', 'to', 'effectively', 'lose', 'money', 'this', 'week', 'probably', 'pltr', 'and', 'spce', 'mostly']",spce,4,0.8983232139973665,0.8874035120784619
"['amc', 'nok', 'and', 'gme', 'heavy', 'hitters', 'this', 'week', 'we', 'will', 'be', 'strong', 's', 'dont', 'give', 'in', 'the', 'the', 'heddgies', 'short', 'ladder', 'attacks', 'and', 'market', 'manipulation', 'diamond', 'hands', 'only', 'weak', 's', 'sell', 'just', 'kidding', 'you', 'fucking', 'retards', 'do', 'you', 'hear', 'how', 'retarded', 'that', 'sounds']",amc,33,0.9724612996578509,1.08623548305698
"['amc', 'nok', 'and', 'gme', 'heavy', 'hitters', 'this', 'week', 'we', 'will', 'be', 'strong', 's', 'dont', 'give', 'in', 'the', 'the', 'heddgies', 'short', 'ladder', 'attacks', 'and', 'market', 'manipulation', 'diamond', 'hands', 'only', 'weak', 's', 'sell', 'just', 'kidding', 'you', 'fucking', 'retards', 'do', 'you', 'hear', 'how', 'retarded', 'that', 'sounds']",nok,33,0.9694835428506443,0.9496402795432061
"['amc', 'nok', 'and', 'gme', 'heavy', 'hitters', 'this', 'week', 'we', 'will', 'be', 'strong', 's', 'dont', 'give', 'in', 'the', 'the', 'heddgies', 'short', 'ladder', 'attacks', 'and', 'market', 'manipulation', 'diamond', 'hands', 'only', 'weak', 's', 'sell', 'just', 'kidding', 'you', 'fucking', 'retards', 'do', 'you', 'hear', 'how', 'retarded', 'that', 'sounds']",gme,33,0.8745804237366486,0.8735282972519909
"['didn t', 'know', 'today', 'was', 'a', 'holiday', 'fuck', 'nio', 'to', 'the', 'moon', '', '']",nio,10,1.0047497671869905,0.8390728315372888
"['won t', 'say', 'it s', 'going', 'to', 'the', 'moon', 'but', 'i', 'am', 'pleasantly', 'optimistic', 'about', 'nok', 'and', 'how', 'it s', 'gonna', 'go', 'up', 'to', 'the', 'companies', 'actual', 'value']",nok,13,0.9694835428506443,0.9496402795432061
"['i', 'remember', 'when', 'it', 'was', 'tesla', 'getting', 'all', 'the', 'fud', 'for', 'being', 'a', 'bad', 'investment', 'back', 'in', 'the', 'day', 'instead', 'of', 'gme', '']",tsla,7,0.9311207494265284,0.8734718826405868
"['i', 'remember', 'when', 'it', 'was', 'tesla', 'getting', 'all', 'the', 'fud', 'for', 'being', 'a', 'bad', 'investment', 'back', 'in', 'the', 'day', 'instead', 'of', 'gme', '']",gme,7,0.8745804237366486,0.8735282972519909
"['so', 'cold', 'in', 'texas', 'this', 'morning', 'power', 'is', 'like', '', 'mwh', 'rolling', 'blackouts', 'and', 'if', 'you', 'have', 'to', 'charge', 'your', 'tesla', 'model', '', 'this', 'morning', '', 'ittl', 'cost', 'you', '', 'bucks', 'lol']",tsla,9,0.9311207494265284,0.8734718826405868
"['sens', 'about', 'to', 'hit', '', 'dollars', 'in', 'germany', 'holy', 'shit', 'lmao', 'ber', 'r', 'fuk']",sens,9,1.2885085047226696,0.8758030162247159
"['how', 'we', 'feeling', 'about', 'teal', 'tomorrow', 'i', 'think', 'because', 'of', 'the', '', 'credit', 'that', 'they', 'will', 'bring', 'him', 'that', 'it', 'will', 'help', 'tesla', 'tremendously', 'to', 'sell', 'model', 'threes', 'and', 'model', 'y s', 'the', 'credit', 'win', 'basically', 'bring', 'the', 'model', 'three', 'down', 'to', '', 'on', 'a', 'dot', 'and', 'the', 'model', 'y', 'down', 'to', '']",tsla,3,0.9311207494265284,0.8734718826405868
"['i', 'am', 'shooting', 'for', 'making', 'k', 'a', 'week', 'by', 'simply', 'riding', 'on', 'plug', 'option', 'chain', 'that s', 'k', 'right', 'there', 'also', 'buying', 'p', 'on', 'spy', 'with', '', 'expiry']",plug,3,0.8998017427878252,0.7475772477637871
"['i', 'am', 'shooting', 'for', 'making', 'k', 'a', 'week', 'by', 'simply', 'riding', 'on', 'plug', 'option', 'chain', 'that s', 'k', 'right', 'there', 'also', 'buying', 'p', 'on', 'spy', 'with', '', 'expiry']",spy,3,1.0069043697279862,0.9824093423830376
"['the', 'only', 'stocks', 'i', 'care', 'about', 'are', 'tsla', 'aapl', 'nio', 'bb', 'and', 'lucid', 'motors']",aapl,3,0.9748939871498745,0.9299578924205288
"['the', 'only', 'stocks', 'i', 'care', 'about', 'are', 'tsla', 'aapl', 'nio', 'bb', 'and', 'lucid', 'motors']",nio,3,1.0047497671869905,0.8390728315372888
"['the', 'only', 'stocks', 'i', 'care', 'about', 'are', 'tsla', 'aapl', 'nio', 'bb', 'and', 'lucid', 'motors']",bb,3,0.8971344853896881,0.8140244206046863
"['wasn t', 'sure', 'if', 'i', 'was', 'allowed', 'to', 'make', 'a', 'separate', 'post', 'on', 'this', 'but', 'can', 'someone', 'tell', 'me', 'why', 'gme', 'looks', 'like', 'this https imgur com gallery nznekis', 'today']",gme,6,0.8745804237366486,0.8735282972519909
"['all', 'in', 'spy', 'puts']",spy,7,1.0069043697279862,0.9824093423830376
"['gamestop', '', 'on', 'frankfurt', 'exchange']",gme,10,0.8745804237366486,0.8735282972519909
"['still', 'holding', 'all', 'my', 'sndl']",sndl,7,1.575539625725708,0.6383928310088054
"['does', 'anyone', 'have', 'any', 'reason', 'to', 'bullish', 'on', 'zom', 'for', 'next', 'week']",zom,2,1.0215517042047482,0.823529389765298
"['i', 'get', 'happier', 'and', 'happier', 'every', 'time', 'i', 'think', 'of', 'bb', 'the', 'only', 'decent', 'meme', 'stock', 'https www google com amp s finance yahoo com amphtml news blackberry back partnerships company ready html']",bb,2,0.8971344853896881,0.8140244206046863
"['they', 'say', 'milliontuesday', 'and', 'i m', 'all', 'for', 'it', 'buy', 'amc']",amc,5,0.9724612996578509,1.08623548305698
"['mmm', 'let', 'me', 'think', 'yes', 'i ve', 'decided', 'i m', 'gonna', 'hold', 'gme']",mmm,6,0.9827035332143421,0.9839105732915931
"['mmm', 'let', 'me', 'think', 'yes', 'i ve', 'decided', 'i m', 'gonna', 'hold', 'gme']",gme,6,0.8745804237366486,0.8735282972519909
"['dropped', 'my', 'car', 'off', 'for', 'inspection', 'went', 'across', 'the', 'street', 'for', 'starbucks', 'and', 'called', 'an', 'uber', 'long', 'live', 'america']",sbux,5,1.0014151013526489,0.9748611658545059
"['dropped', 'my', 'car', 'off', 'for', 'inspection', 'went', 'across', 'the', 'street', 'for', 'starbucks', 'and', 'called', 'an', 'uber', 'long', 'live', 'america']",uber,5,1.0273298355885547,0.9064241389440015
"['balls', 'deep', 'in', 'sens', '', 'gonna', 'blow', 'dexcom', 'out', 'of', 'the', 'fucking', 'water', 'when', 'they', 'pass', 'their', 'day', 'glucose', 'monitor']",sens,3,1.2885085047226696,0.8758030162247159
"['if', 'you re', 'reading', 'this', 'wake', 'up', 'you re', 'in', 'a', 'coma', 'right', 'now', 'and', 'the', 'nurse', 'accidentally', 'hook', 'u', 'up', 'onto', 'a', 'bloomberg', 'terminal', 'instead', 'of', 'an', 'ecg', 'this', 'is', 'our', 'last', 'chance', 'to', 'get', 'to', 'u', 'after', 'failing', 'so', 'many', 'other', 'ways', 'spy', 'gme', 'merged', 'with', 'amc', 'to', 'sell', 'movies', 'and', 'play', 'games', 'in', 'cinema', 'momma', 'miss', 'u']",spy,4,1.0069043697279862,0.9824093423830376
"['if', 'you re', 'reading', 'this', 'wake', 'up', 'you re', 'in', 'a', 'coma', 'right', 'now', 'and', 'the', 'nurse', 'accidentally', 'hook', 'u', 'up', 'onto', 'a', 'bloomberg', 'terminal', 'instead', 'of', 'an', 'ecg', 'this', 'is', 'our', 'last', 'chance', 'to', 'get', 'to', 'u', 'after', 'failing', 'so', 'many', 'other', 'ways', 'spy', 'gme', 'merged', 'with', 'amc', 'to', 'sell', 'movies', 'and', 'play', 'games', 'in', 'cinema', 'momma', 'miss', 'u']",gme,4,0.8745804237366486,0.8735282972519909
"['if', 'you re', 'reading', 'this', 'wake', 'up', 'you re', 'in', 'a', 'coma', 'right', 'now', 'and', 'the', 'nurse', 'accidentally', 'hook', 'u', 'up', 'onto', 'a', 'bloomberg', 'terminal', 'instead', 'of', 'an', 'ecg', 'this', 'is', 'our', 'last', 'chance', 'to', 'get', 'to', 'u', 'after', 'failing', 'so', 'many', 'other', 'ways', 'spy', 'gme', 'merged', 'with', 'amc', 'to', 'sell', 'movies', 'and', 'play', 'games', 'in', 'cinema', 'momma', 'miss', 'u']",amc,4,0.9724612996578509,1.08623548305698
"['a', 'look', 'at', 'the', 'growth', 'of', 'streaming https www finance guy net econ eyes future of movies streaming', 'it', 'comes', 'at', 'the', 'expense', 'of', 'cinema', 'not', 'great', 'for', 'amc']",amc,3,0.9724612996578509,1.08623548305698
"['how', 'we', 'feeling', 'about', 'mvis']",mvis,3,1.687055377342666,0.905764361091772
"['where', 'is', 'the', 'gme', '', 'thread']",gme,5,0.8745804237366486,0.8735282972519909
"['i m', 'selling', 'gme', 'today', 'to', 'anyone', 'that', 'would', 'like', 'a', 'ticket', 'to', 'the', 'moon', 'for', '', 'a', 'share', 'that', 'price', 'will', 'be', 'a', 'steal', 'when', 'we', 'lift', 'off', '']",gme,6,0.8745804237366486,0.8735282972519909
"['more', 'sens', 'tomorrow']",sens,2,1.2885085047226696,0.8758030162247159
"['mvis', 'and', 'all', 'the', 'dd', 'posts', 'recently', 'are', 'the', 'most', 'obvious', 'pump', 'and', 'dump', 'i ve', 'ever', 'seen']",mvis,3,1.687055377342666,0.905764361091772
"['nothing', 'new', 'just', 'buying', 'more', 'gme', 'whenever', 'i', 'get', 'the', 'chance']",gme,5,0.8745804237366486,0.8735282972519909
"['natural', 'gas', 'spot', 'price', 'at', 'all', 'time', 'highs', 'over', 'in', 'texas', 'over', 'the', 'weekend', 'how', 'we', 'play', 'this']",spot,2,1.0938863108129073,1.020145783271456
"['please', 'critique', 'my', 'yolo', 'plan', 'i', 'believe', 'that', 'shiny', 'coin', 'the', 'one', 'we', 'are', 'not', 'allowed', 'to', 'mentioned', 'here', 'will', 'hit', 'k', 'by', 'end', 'of', '', 'i', 'would', 'like', 'to', 'buy', 'the', 'miner', 'stock', 'riot', 'or', 'mara', 'and', 'make', 'it', '', 'of', 'my', 'portfolio', 'then', 'turn', 'around', 'and', 'sell', '', 'covered', 'calls', 'and', 'maybe', 'sprinkle', 'some', 'puts', 'to', 'hedge', 'what', 'ya ll', 'think', 'of', 'my', 'brilliant', 'plan']",mara,3,1.2266968018096556,0.8844137612024915
"['binging', 'some', 'the', 'profit', 'this', 'morning', 'when', 'i', 'flipped', 'on', 'to', 'cnbc', 'on', 'instinct', 'i', 'know', 'this', 'shit', 'is', 'hollywood', 'but', 'damn', 'i', 'think', 'a', 'lot', 'of', 'these', 'people', 'are', 'straight', 'up', 'delusional', 'some', 'guy', 'with', 'proven', 'record', 'walks', 'in', 'and', 'gives', 'you', 'money', 'to', 'save', 'your', 'shitty', 'business', 'so', 'you', 'don t', 'end', 'up', 'under', 'a', 'bridge', 'and', 'these', 'motherfuckers', 'argue', 'with', 'him', 'nonstop', 'marcus', 'deals', 'with', 'people', 'with', 'the', 'same', 'mindset', 'of', 'a', 'bag', 'holder']",save,3,1.0012812593339884,1.1786058341096808
"['it s', 'really', 'funny', 'that', 'they', 'show', 'retail', 'ownership', 'of', 'gme', 'as', '', 'when', 'dfv', 'alone', 'literally', 'owns', 'more', 'than', 'that', '', 'i', 'hope', 'he', 'hasn t', 'forsaken', 'us', 'lmao']",gme,2,0.8745804237366486,0.8735282972519909
"['holy', 'fuck', 'sens', 'is', 'at', '', 'in', 'germany', 'and', 'shows', 'no', 'sign', 'of', 'slowing', 'down']",sens,1,1.2885085047226696,0.8758030162247159
"['fuck', 'marry', 'kill', '', 'arianna', 'grande', 'megan', 'thee', 'stallion', '', 'doja', 'cat']",cat,1,1.0245014299830282,1.0916645834957572
"['metamaterials', 'buying', 'the', 'rumor', 'they', 'will', 'make', 'a', 'deal', 'with', 'tesla']",tsla,1,0.9311207494265284,0.8734718826405868
"['i', 'haven t', 'checked', 'this', 'sub', 'in', 'a', 'while', 'glad', 'to', 'see', 'it s', 'no', 'longer', 'a', 'gme', 'sub']",gme,1,0.9048650425939461,0.9035563754689139
"['man', 'can t', 'wait', 'to', 'get', 'rich', 'off', 'this', 'reverse', 'splits', 'and', 'gamestop']",gme,-4,0.8745804237366486,0.8735282972519909
"['my', 'spy', 'calls', 'are', 'so', 'fukked']",spy,-2,1.0069043697279862,0.9824093423830376
"['does', 'anyone', 'have', 'a', 'good', 'guess', 'of', 'what', 'bottom', 'is', 'for', 'apha', 'and', 'tlry', 'is', 'i', 'am', 'planning', 'to', 'buy', 'in', 'once', 'it', 'hits', 'rock', 'bottom', 'tlry', 'was', 'diving', 'on', 'friday', 'guessing', 'its', 'bottom', 'will', 'be', 'sometime', 'this', 'or', 'next', 'week', 'apha', 'seems', 'like', 'it', 'could', 'still', 'be', 'in', 'play', 'but', 'fuck', 'buying', 'in', 'high']",tlry,-2,0.9843661389343528,0.8483382094126025
"['as', 'we', 'sit', 'here', 'idle', 'let', 'us', 'give', 'thanks', 'to', 'the', 'nok', 'godz', 'for', 'their', 'blessings', 'they', 'will', 'be', 'sure', 'to', 'provide', 'us', 'soon', 'ah ape']",nok,-4,0.9694835428506443,0.9496402795432061
"['man', 'f', 'biden', 'give', 'me', 'my', 'market', 'today']",f,-10,1.0,1.0173912877621858
"['without', 'ameritards', 'amd', 'their', 'market', 'volume', 'would', 'always', 'be', 'low', 'but', 'stonks', 'would', 'literally', 'literally', 'only', 'go', 'up']",amd,-1,1.0007659448002157,0.9091586939224277
"['how', 'will', 'texas', 'cold', 'snap', 'and', 'energy', 'disruptions', 'affect', 'oke']",snap,-1,0.9944585421949548,1.0181438839155994
"['first', 'off', 'i m', 'better', 'at', 'trading', 'than', 'i', 'am', 'at', 'warzone', 'and', 'i m', 'pretty', 'damn', 'good', 'at', 'warzone', 'so', 'anyone', 'want', 'to', 'talk', 'stocks options', 'and', 'play', 'some', 'cod', 'warzone', 'i', 'would', 'prefer', 'if', 'you re', 'halfway', 'decent', 'at', 'warzone', 'but', 'don t', 'have', 'to', 'be', 'i m', 'mainly', 'doing', 'this', 'to', 'talk', 'stocks options', 'over', 'a', 'video', 'game', 'if', 'you re', 'interested', 'dm', 'me', 'here', 'or', 'add', 'activision', 'id', 'daddybigdck', 'might', 'be', 'daddybigdck']",atvi,-7,1.009906857885145,0.9302639055246523
"['can', 'you', 'boys', 'get', 'me', '', 'karma', 'so', 'i', 'can', 'be', 'a', 'wall', 'street', 'redditor', 'long', 'time', 'lurker', 'officially', 'joined', 'during', 'the', 'gme', 'debacle', 'long', 'time', 'lurker', 'since', 'that', 'one', 'kid', 'yolod', 'all', 'his', 'money', 'into', 'gap', 'because', 'of', 'yeezy']",gme,-19,0.8745804237366486,0.8735282972519909
"['can', 'someone', 'tell', 'me', 'why', 'amc', 'and', 'nokia', 'been', 'closed', 'all', 'day', 'on', 'trading', '', 'can t', 'see', 'any', 'stock', 'halts', 'and', 'the', 'apps', 'doesn t', 'givd', 'any', 'information', 'for', 'when', 'it', 'will', 'open', 'again']",amc,-23,0.9724612996578509,1.08623548305698
"['sndl', 'got', 'one', 'more', 'left']",sndl,-10,1.575539625725708,0.6383928310088054
"['i m', 'a', 'noob', 'on', 'this', 'and', 'i', 'will', 'like', 'to', 'know', 'why', 'the', 'price', 'of', 'gme', 'is', 'stuck', 'now', 'how', 'i m', 'going', 'to', 'know', 'if', 'there s', 'a', 'signal', 'if', 'we', 'are', 'winning', 'or', 'if', 'they', 'are', 'regaining', 'control', 'over', 'the', 'market']",gme,-14,0.8745804237366486,0.8735282972519909
